{
  "project_info": {
    "project_number": "543034872041",
    "firebase_url": "https://myfirebaseauthapp-9107b.firebaseio.com",
    "project_id": "myfirebaseauthapp-9107b",
    "storage_bucket": "myfirebaseauthapp-9107b.appspot.com"
  },
  "client": [
    {
      "client_info": {
        "mobilesdk_app_id": "1:543034872041:android:cfcbd770fcda42c1",
        "android_client_info": {
          "package_name": "com.example.samuel.artmart"
        }
      },
      "oauth_client": [
        {
          "client_id": "543034872041-qrip3f2grc64m9sp8n7jq0bou0dcqjt3.apps.googleusercontent.com",
          "client_type": 1,
          "android_info": {
            "package_name": "com.example.samuel.artmart",
            "certificate_hash": "ebad5ceebbd61c23e8209d948e930b8ba776e113"
          }
        },
        {
          "client_id": "543034872041-vpjmnd98q012qng4hng5ek2p7blp6r81.apps.googleusercontent.com",
          "client_type": 3
        },
        {
          "client_id": "543034872041-vpjmnd98q012qng4hng5ek2p7blp6r81.apps.googleusercontent.com",
          "client_type": 3
        }
      ],
      "api_key": [
        {
          "current_key": "AIzaSyDU2tAMoihybK5bYuYTf6DobDmAJ3G_0CE"
        }
      ],
      "services": {
        "analytics_service": {
          "status": 1
        },
        "appinvite_service": {
          "status": 2,
          "other_platform_oauth_client": [
            {
              "client_id": "543034872041-vpjmnd98q012qng4hng5ek2p7blp6r81.apps.googleusercontent.com",
              "client_type": 3
            }
          ]
        },
        "ads_service": {
          "status": 2
        }
      }
    },
    {
      "client_info": {
        "mobilesdk_app_id": "1:543034872041:android:a5a5e1cff2341418",
        "android_client_info": {
          "package_name": "com.example.samuel.artmartfinal"
        }
      },
      "oauth_client": [
        {
          "client_id": "543034872041-o9qfp9jspmrm7vv1s2lm255i3nm6u22s.apps.googleusercontent.com",
          "client_type": 1,
          "android_info": {
            "package_name": "com.example.samuel.artmartfinal",
            "certificate_hash": "ebad5ceebbd61c23e8209d948e930b8ba776e113"
          }
        },
        {
          "client_id": "543034872041-vpjmnd98q012qng4hng5ek2p7blp6r81.apps.googleusercontent.com",
          "client_type": 3
        },
        {
          "client_id": "543034872041-vpjmnd98q012qng4hng5ek2p7blp6r81.apps.googleusercontent.com",
          "client_type": 3
        }
      ],
      "api_key": [
        {
          "current_key": "AIzaSyDU2tAMoihybK5bYuYTf6DobDmAJ3G_0CE"
        }
      ],
      "services": {
        "analytics_service": {
          "status": 1
        },
        "appinvite_service": {
          "status": 2,
          "other_platform_oauth_client": [
            {
              "client_id": "543034872041-vpjmnd98q012qng4hng5ek2p7blp6r81.apps.googleusercontent.com",
              "client_type": 3
            }
          ]
        },
        "ads_service": {
          "status": 2
        }
      }
    },
    {
      "client_info": {
        "mobilesdk_app_id": "1:543034872041:android:70b2b5227928888a",
        "android_client_info": {
          "package_name": "com.example.samuel.firebazeexample"
        }
      },
      "oauth_client": [
        {
          "client_id": "543034872041-vpjmnd98q012qng4hng5ek2p7blp6r81.apps.googleusercontent.com",
          "client_type": 3
        },
        {
          "client_id": "543034872041-vpjmnd98q012qng4hng5ek2p7blp6r81.apps.googleusercontent.com",
          "client_type": 3
        }
      ],
      "api_key": [
        {
          "current_key": "AIzaSyDU2tAMoihybK5bYuYTf6DobDmAJ3G_0CE"
        }
      ],
      "services": {
        "analytics_service": {
          "status": 1
        },
        "appinvite_service": {
          "status": 1,
          "other_platform_oauth_client": []
        },
        "ads_service": {
          "status": 2
        }
      }
    }
  ],
  "configuration_version": "1"
}